<?xml version="1.0" encoding="UTF-8"?>

<template>
    <t t-name="woo_graph_dashboard_widget">
        <select class="border-0 h7 position-absolute select_time_period" id="sort_order_data">
            <option value="week"
                    t-att-selected="widget.graph_data.sort_on == 'week' ? 'selected' : undefined">
                Current Week
            </option>
            <option value="month"
                    t-att-selected="widget.graph_data.sort_on == 'month' ? 'selected' : undefined">
                Current Month
            </option>
            <option value="year"
                    t-att-selected="widget.graph_data.sort_on == 'year' ? 'selected' : undefined">
                Current Year
            </option>
            <option value="all"
                    t-att-selected="widget.graph_data.sort_on == 'all' ? 'selected' : undefined">All
            </option>
        </select>
        <div class="container o_kanban_card_content p-0 kanban_graph">
            <div class="row mt8 mb8 mx-0 align-items-center woo_graph_details">
                <div class="col-3 pr-2">
                    <p class="mb0" style="font-size: 15px;">Sales</p>
                    <h4 class="mb0">
                        <b>
                            <span style="font-size: 15px !important; color:red;">
                                <t t-esc="widget.graph_data.currency_symbol + widget.graph_data.total_sales"/>
                            </span>
                        </b>
                    </h4>
                </div>
            </div>
            <div class="woo_graph" style="max-height:200px !important;">
            </div>
        </div>

        <div class="row woo_class">
            <div class="col-12 mt4 synced_data_box">
                <a id="instance_product" class="boxes box_one">
                    <p class="text-center mb0 font-weight-bold">
                        <img src="/pragtech_woo_commerce/static/src/img/product.png"/>
                        <br></br>
                        <t t-if="widget.graph_data.product_data">
                            <t t-esc="widget.graph_data.product_data.product_count"/>
                        </t>
                    </p>
                    <p class="text-center mb0">Products</p>
                </a>

                <a id="instance_customer" class="boxes box_two">
                    <t t-if="widget.graph_data.customer_data">
                        <p class="text-center mb0 font-weight-bold">
                            <img src="/pragtech_woo_commerce/static/src/img/contact.png"/>
                            <br></br>
                            <t t-esc="widget.graph_data.customer_data.customer_count"/>
                        </p>
                    </t>
                    <p class="text-center mb0">Customers</p>
                </a>
                <a id="instance_order" class="boxes box_three">
                    <t t-if="widget.graph_data.order_data">
                        <p class="text-center mb0 font-weight-bold">
                            <img src="/pragtech_woo_commerce/static/src/img/cart-69-24.png"/>
                            <br></br>
                            <t t-esc="widget.graph_data.order_data.order_count"/>
                        </p>
                    </t>
                    <p class="text-center mb0">Orders</p>
                </a>
                <a id="instance_tax" class="boxes box_four">
                    <t t-if="widget.graph_data.tax_data">
                        <p class="text-center mb0 font-weight-bold">
                            <img src="/pragtech_woo_commerce/static/src/img/taxa.png"/>
                            <br></br>
                            <t t-esc="widget.graph_data.tax_data.tax_count"/>
                        </p>
                    </t>
                    <p class="text-center mb0">Taxes</p>
                </a>
                <a id="instance_category" class="boxes box_five">
                    <t t-if="widget.graph_data.category_data">
                        <p class="text-center mb0 font-weight-bold">
                            <img src="/pragtech_woo_commerce/static/src/img/categorize.png"/>
                            <br></br>
                            <t t-esc="widget.graph_data.category_data.category_count"/>
                        </p>
                    </t>
                    <p class="text-center mb0">Categories</p>
                </a>
                <a id="instance_attribute" class="boxes box_six">
                    <t t-if="widget.graph_data.attribute_data">
                        <p class="text-center mb0 font-weight-bold">
                            <img src="/pragtech_woo_commerce/static/src/img/attr.png"/>
                            <br></br>
                            <t t-esc="widget.graph_data.attribute_data.attribute_count"/>
                        </p>
                    </t>
                    <p class="text-center mb0">Attributes</p>
                </a>
            </div>
        </div>
    </t>
</template>
